,title,post_date,url,date_created,logits,pred,tweet_id
0,AITA for not wanting to work for my abusive father?,2024-04-11,https://www.reddit.com/r/AmItheAsshole/comments/1c1qwg8/aita_for_not_wanting_to_work_for_my_abusive_father/,2024-04-11,-0.01571561768651,0,1778564548938670367
1,AITA fight about other guys with girlfriend ,2024-04-17,https://www.reddit.com/r/AmItheAsshole/comments/1c6mjhq/aita_fight_about_other_guys_with_girlfriend/,2024-04-17,1.0616611242294312,1,1780736397873389717
2,"AITA for ignoring my dad over and over again because of things they deem ""insignificant issues""?",2024-04-18,https://www.reddit.com/r/AmItheAsshole/comments/1c7fixa/aita_for_ignoring_my_dad_over_and_over_again/,2024-04-18,-0.0018782161641865,0,1781090007983514107
3,AITA for kicking everyone out of my life?,2024-04-18,https://www.reddit.com/r/AmItheAsshole/comments/1c7eb8n/aita_for_kicking_everyone_out_of_my_life/,2024-04-18,1.064374327659607,1,1781094301789024449
4,AITA for feeling possessive over my Bf’s and his Female bestie’s bond? ,2024-04-19,https://www.reddit.com/r/AmItheAsshole/comments/1c7y68m/aita_for_feeling_possessive_over_my_bfs_and_his/,2024-04-19,1.0637263059616089,1,1781433338789577196
5,AITA for saying my friend acts like a two year old? ,2024-04-19,https://www.reddit.com/r/AmItheAsshole/comments/1c80o7w/aita_for_saying_my_friend_acts_like_a_two_year_old/,2024-04-19,1.0608075857162476,1,1781449883993649319
6,AITA for going to my guidance counselor and reporting a “small” issue?,2024-04-19,https://www.reddit.com/r/AmItheAsshole/comments/1c87vqj/aita_for_going_to_my_guidance_counselor_and/,2024-04-19,-0.0105445468798279,0,1781454904953045334
7,AITA for not hanging out with my friend?,2024-04-20,https://www.reddit.com/r/AmItheAsshole/comments/1c8zuuc/aita_for_not_hanging_out_with_my_friend/,2024-04-20,-0.0025964819360524,0,1781819002714791962
8,AITAH for getting cranky this morning and telling my boyfriend (28M) I want him to spend more time with me/take care of me?,2024-04-21,https://www.reddit.com/r/AmItheAsshole/comments/1c9rsbq/aitah_for_getting_cranky_this_morning_and_telling/,2024-04-21,1.0630097389221191,1,1782178446539722830
9,AITA for calling her out? ,2024-04-22,https://www.reddit.com/r/AmItheAsshole/comments/1camiko/aita_for_calling_her_out/,2024-04-22,0.0005928974132984,0,1782538530310455330
10,AITA for not letting my mother live me me? ,2024-04-23,https://www.reddit.com/r/AmItheAsshole/comments/1cbci5x/aita_for_not_letting_my_mother_live_me_me/,2024-04-23,-0.0146595193073153,0,1782900391954571599
11,WIBTA for using a DND character with a problematic plot with a religious DM?,2024-04-23,https://www.reddit.com/r/AmItheAsshole/comments/1cbgdf3/wibta_for_using_a_dnd_character_with_a/,2024-04-23,1.062902808189392,1,1782900393191891191
12,AITA for throwing a party for my daughter?,2024-04-24,https://www.reddit.com/r/AmItheAsshole/comments/1cc3ic5/aita_for_throwing_a_party_for_my_daughter/,2024-04-24,1.063048243522644,1,1783260626808168919
13,AITA for loudly playing with my dog?,2024-04-26,https://www.reddit.com/r/AmItheAsshole/comments/1cdo9ya/aita_for_loudly_playing_with_my_dog/,2024-04-26,1.071405291557312,1,1783983289382162699
14,WIBTA for telling my friend if she doesn't change her behavior we would no longer be friends?,2024-04-27,https://www.reddit.com/r/AmItheAsshole/comments/1cektp3/wibta_for_telling_my_friend_if_she_doesnt_change/,2024-04-27,-0.000313306460157,0,1784344616914890798
15,AITA for telling my sister her wedding idea is tacky? ,2024-04-28,https://www.reddit.com/r/AmItheAsshole/comments/1cfadkd/aita_for_telling_my_sister_her_wedding_idea_is/,2024-04-28,1.0589596033096311,1,1784705766428995798
16,AITA for wanting my dad to get a DUI?,2024-04-30,https://www.reddit.com/r/AmItheAsshole/comments/1ch3vts/aita_for_wanting_my_dad_to_get_a_dui/,2024-04-30,-0.012333839200437,0,1785429662417727524
17,AITA for drinking without my friend ,2024-05-01,https://www.reddit.com/r/AmItheAsshole/comments/1cht8c0/aita_for_drinking_without_my_friend/,2024-05-01,1.063381314277649,1,1785793736942723319
18,AITA for telling my daughter too go live with her Grandparents? ,2024-05-01,https://www.reddit.com/r/AmItheAsshole/comments/1chw8a9/aita_for_telling_my_daughter_too_go_live_with_her/,2024-05-01,1.0638917684555054,1,1785793737626415211
19,AITA For evicting my Sibling?,2024-05-03,https://www.reddit.com/r/AmItheAsshole/comments/1cjc2jf/aita_for_evicting_my_sibling/,2024-05-03,-0.0145665807649493,0,1786513649806233896
20,AITA for snooping into my boyfriends phone and sending hateful messages to a girl he's been talking to?,2024-05-03,https://www.reddit.com/r/AmItheAsshole/comments/1cjho1v/aita_for_snooping_into_my_boyfriends_phone_and/,2024-05-03,1.057461857795715,1,1786513650942939268
21,AITA for leaving home?,2024-05-04,https://www.reddit.com/r/AmItheAsshole/comments/1ck3xko/aita_for_leaving_home/,2024-05-04,-0.0151635212823748,0,1786876878537781584
22,AITA for not taking my grandmother who neglected me to her doctor's appointment?,2024-05-04,https://www.reddit.com/r/AmItheAsshole/comments/1ck7tnh/aita_for_not_taking_my_grandmother_who_neglected/,2024-05-04,-0.0068314429372549,0,1786876879305392158
23,AITA for talking about my friend behind his back?,2024-05-05,https://www.reddit.com/r/AmItheAsshole/comments/1cl1vyj/aita_for_talking_about_my_friend_behind_his_back/,2024-05-05,-0.0144390733912587,0,1787240051572867295
24,AITA for getting upset when the pastor held me under water for too long during my baptism? ,2024-05-06,https://www.reddit.com/r/AmItheAsshole/comments/1clr0ik/aita_for_getting_upset_when_the_pastor_held_me/,2024-05-06,-0.0124042741954326,0,1787600444837298203
25,AITA for not attending my sister's party ,2024-05-08,https://www.reddit.com/r/AmItheAsshole/comments/1cn9ayf/aita_for_not_attending_my_sisters_party/,2024-05-08,1.0650213956832886,1,1788319055130067179
26,AITA for not letting my son's boyfriend drive him to school?,2024-05-09,https://www.reddit.com/r/AmItheAsshole/comments/1co69na/aita_for_not_letting_my_sons_boyfriend_drive_him/,2024-05-09,1.0612281560897827,1,1788685494592627073
27,AITA for exposing my cousin's pregnancy?,2024-05-13,https://www.reddit.com/r/AmItheAsshole/comments/1cr1uh4/aita_for_exposing_my_cousins_pregnancy/,2024-05-13,1.0661202669143677,1,1790130893023052199
28,AITA for leaving the country and not telling my parents???,2024-05-14,https://www.reddit.com/r/AmItheAsshole/comments/1cs2unk/aita_for_leaving_the_country_and_not_telling_my/,2024-05-14,-0.0142451925203204,0,1790500109350011333
29,AITA for not wanting to see my friend with ADHD anymore? ,2024-05-14,https://www.reddit.com/r/AmItheAsshole/comments/1cs1ucp/aita_for_not_wanting_to_see_my_friend_with_adhd/,2024-05-14,-0.0053664883598685,0,1790500110675345898
30,AITA for not giving my bf(25M) money when he needs it?,2024-05-16,https://www.reddit.com/r/AmItheAsshole/comments/1ctgy9o/aita_for_not_giving_my_bf25m_money_when_he_needs/,2024-05-16,-0.0145291993394494,0,1791215617724293321
31,AITA For Suggesting to my wife we name our baby after my previous partner?,2024-05-18,https://www.reddit.com/r/AmItheAsshole/comments/1cv2k01/aita_for_suggesting_to_my_wife_we_name_our_baby/,2024-05-18,1.0658279657363892,1,1791939590083011042
32,WIBTA if I did not disclose to my(28m) fiance(27f) that my zodiac sign is not Taurus(as I claimed it was when we met)?,2024-05-18,https://www.reddit.com/r/AmItheAsshole/comments/1cv5fsh/wibta_if_i_did_not_disclose_to_my28m_fiance27f/,2024-05-18,1.0672327280044556,1,1791939591253143655
33,WIBTA if I copied someone's work,2024-05-19,https://www.reddit.com/r/AmItheAsshole/comments/1cvs19l/wibta_if_i_copied_someones_work/,2024-05-19,1.0647927522659302,1,1792300422146712050
34,AITA For continuing to clap at a concert,2024-05-20,https://www.reddit.com/r/AmItheAsshole/comments/1cwmdds/aita_for_continuing_to_clap_at_a_concert/,2024-05-20,1.0614063739776611,1,1792663822664098177
35,AITA for saying no to my mom when she always asks to hold my baby while he’s sleeping/content ,2024-05-21,https://www.reddit.com/r/AmItheAsshole/comments/1cxgsd2/aita_for_saying_no_to_my_mom_when_she_always_asks/,2024-05-21,-0.0123193552717566,0,1793029873809686683
36,AITA for opining that people who only eat egg whites are selfish? ,2024-05-22,https://www.reddit.com/r/AmItheAsshole/comments/1cy7vhu/aita_for_opining_that_people_who_only_eat_egg/,2024-05-22,1.0636922121047974,1,1793387423147184257
37,AITA for not changing my name for my mom after she spent the last 18 years hating it?,2024-05-24,https://www.reddit.com/r/AmItheAsshole/comments/1czgncz/aita_for_not_changing_my_name_for_my_mom_after/,2024-05-24,-0.0123768402263522,0,1794112638533751259
38,AITA for laughing at my friend for cycling in high heels on a road bike,2024-05-24,https://www.reddit.com/r/AmItheAsshole/comments/1czu01o/aita_for_laughing_at_my_friend_for_cycling_in/,2024-05-24,1.0606778860092163,1,1794112639401857454
39,AITA for moving out without my brother? ,2024-05-30,https://www.reddit.com/r/AmItheAsshole/comments/1d49e52/aita_for_moving_out_without_my_brother/,2024-05-30,-0.0078140059486031,0,1796282198414500330
40,AITA for wanting a break? ,2024-06-01,https://www.reddit.com/r/AmItheAsshole/comments/1d5uh23/aita_for_wanting_a_break/,2024-06-01,-0.0136891724541783,0,1797006398422757829
41,AITA: The guy I’m dating uses the same loofah for everything ,2024-06-02,https://www.reddit.com/r/AmItheAsshole/comments/1d6i8ly/aita_the_guy_im_dating_uses_the_same_loofah_for/,2024-06-02,1.0660709142684937,1,1797362802845454836
42,AITA for telling my best friend he can’t date my sister?,2024-06-03,https://www.reddit.com/r/AmItheAsshole/comments/1d77fa1/aita_for_telling_my_best_friend_he_cant_date_my/,2024-06-03,1.0657367706298828,1,1797729015744131515
43,AITA For My Expectations,2024-06-04,https://www.reddit.com/r/AmItheAsshole/comments/1d85ga1/aita_for_my_expectations/,2024-06-04,1.0612694025039673,1,1798094769303831038
44,AITA for calling out my SIL in front of everyone when she wouldn’t stop making comments about me trying to be a “sexy baby”,2024-06-06,https://www.reddit.com/r/AmItheAsshole/comments/1d9mzzn/aita_for_calling_out_my_sil_in_front_of_everyone/,2024-06-06,-0.0122111616656184,0,1798814937143443895
45,"AITA for refusing to cover a coworker's shift last minute?

",2024-06-11,https://www.reddit.com/r/AmItheAsshole/comments/1ddn7w6/aita_for_refusing_to_cover_a_coworkers_shift_last/,2024-06-11,-0.0127813937142491,0,1800627077206413581
46,AITA I wanted reach out to friend and proceeded to lose a friendship.,2024-06-13,https://www.reddit.com/r/AmItheAsshole/comments/1df4t5n/aita_i_wanted_reach_out_to_friend_and_proceeded/,2024-06-13,1.063646674156189,1,1801350296393945152
47,AITA for expecting my money back from hubby (57m)?,2024-06-15,https://www.reddit.com/r/AmItheAsshole/comments/1dgmkqe/aita_for_expecting_my_money_back_from_hubby_57m/,2024-06-15,-0.0080855330452322,0,1802072936410419639
48,AITA for teasing my niece about her choice of drink and accidentally making her cry.,2024-06-18,https://www.reddit.com/r/AmItheAsshole/comments/1diry1s/aita_for_teasing_my_niece_about_her_choice_of/,2024-06-18,1.0649763345718384,1,1803162241916969176
49,WIBTA if I confronted my  grandmother about her lies? ,2024-06-19,https://www.reddit.com/r/AmItheAsshole/comments/1djf7e1/wibta_if_i_confronted_my_grandmother_about_her/,2024-06-19,-0.0011974324006587,0,1803520772545056812
50,AITA for admitting I like my older brother more than my older sister?,2024-06-20,https://www.reddit.com/r/AmItheAsshole/comments/1dk8jtf/aita_for_admitting_i_like_my_older_brother_more/,2024-06-20,1.0628454685211182,1,1803881565820457223
51,AITA for asking my bridesmaid to not sell her airbnb and not leave my wedding early ,2024-06-21,https://www.reddit.com/r/AmItheAsshole/comments/1dl4b27/aita_for_asking_my_bridesmaid_to_not_sell_her/,2024-06-21,1.0623072385787964,1,1804241349191045184
52,AITA for resenting my mom.,2024-06-21,https://www.reddit.com/r/AmItheAsshole/comments/1dl7z9m/aita_for_resenting_my_mom/,2024-06-21,-0.0145892603322863,0,1804241350088708601
53,WIBTA for confronting my dad?,2024-06-28,https://www.reddit.com/r/AmItheAsshole/comments/1dqhs75/wibta_for_confronting_my_dad/,2024-06-28,-0.0104091810062527,0,1806770812705247695
54,AITA for not buying my son a souvenir he wanted?,2024-06-28,https://www.reddit.com/r/AmItheAsshole/comments/1dqo99z/aita_for_not_buying_my_son_a_souvenir_he_wanted/,2024-06-28,1.063320517539978,1,1806770813976162411
55,AITA for not inviting my fiance’s brother to our wedding?,2024-06-29,https://www.reddit.com/r/AmItheAsshole/comments/1drfx3q/aita_for_not_inviting_my_fiances_brother_to_our/,2024-06-29,-0.0085552120581269,0,1807133454800412936
56,AITA for reacting the way I did? ,2024-06-30,https://www.reddit.com/r/AmItheAsshole/comments/1dry6op/aita_for_reacting_the_way_i_did/,2024-06-30,1.067719578742981,1,1807501004155637933
57,AITA for asking guy who was not socializing to leave my friend’s party,2024-07-01,https://www.reddit.com/r/AmItheAsshole/comments/1dso96j/aita_for_asking_guy_who_was_not_socializing_to/,2024-07-01,1.063533902168274,1,1807859274057765142
58,AITA Am i the asshole for making my sister pay,2024-07-02,https://www.reddit.com/r/AmItheAsshole/comments/1dthgwt/aita_am_i_the_asshole_for_making_my_sister_pay/,2024-07-02,-0.0089694270864129,0,1808222034792489353
59,AITA For wearing an American flag speedo to a pool party and embarrassing my GF,2024-07-02,https://www.reddit.com/r/AmItheAsshole/comments/1dtpjo5/aita_for_wearing_an_american_flag_speedo_to_a/,2024-07-02,1.0622429847717283,1,1808222036033986966
60,AITA for trying to bring my boyfriend's girl best friend back to reality?,2024-07-04,https://www.reddit.com/r/AmItheAsshole/comments/1dv340n/aita_for_trying_to_bring_my_boyfriends_girl_best/,2024-07-04,1.0568230152130127,1,1808942867143917872
61,AITA For telling my mom she makes me hate myself,2024-07-06,https://www.reddit.com/r/AmItheAsshole/comments/1dwdq3w/aita_for_telling_my_mom_she_makes_me_hate_myself/,2024-07-06,-0.0076302662491798,0,1809670085411266710
62,AITA for asking my ex-friend to leave me alone?,2024-07-07,https://www.reddit.com/r/AmItheAsshole/comments/1dxblr5/aita_for_asking_my_exfriend_to_leave_me_alone/,2024-07-07,-0.0081124054268002,0,1810029946284409205
63,AITA for getting my own prescription paper separate from my boss? ,2024-07-08,https://www.reddit.com/r/AmItheAsshole/comments/1dybyys/aita_for_getting_my_own_prescription_paper/,2024-07-08,-0.0098162423819303,0,1810389933682733231
64,AITA for calling out my mom for not defending me against her fat-shaming relatives? ,2024-07-09,https://www.reddit.com/r/AmItheAsshole/comments/1dyz3he/aita_for_calling_out_my_mom_for_not_defending_me/,2024-07-09,-0.0043931556865572,0,1810753890805010461
65,AITA for dyeing my hair red?,2024-07-09,https://www.reddit.com/r/AmItheAsshole/comments/1dz7s4w/aita_for_dyeing_my_hair_red/,2024-07-09,-0.005682349205017,0,1810753891534778746
66,AITA for asking my fiancé's sister to leave after she made fun of my fear of dogs caused by childhood trauma?,2024-07-12,https://www.reddit.com/r/AmItheAsshole/comments/1e1k5db/aita_for_asking_my_fiancés_sister_to_leave_after/,2024-07-12,-0.0114400312304496,0,1811839773373591980
67,AITA for pranking my boyfriend by messing with his phone contacts??,2024-07-13,https://www.reddit.com/r/AmItheAsshole/comments/1e28oou/aita_for_pranking_my_boyfriend_by_messing_with/,2024-07-13,1.0688514709472656,1,1812204667872362903
68,AITA for telling my friend she’s a bad driver,2024-07-14,https://www.reddit.com/r/AmItheAsshole/comments/1e2s98n/aita_for_telling_my_friend_shes_a_bad_driver/,2024-07-14,-0.0088150715455412,0,1812562629686382886
69,AITA for not answering my mom’s calls,2024-07-18,https://www.reddit.com/r/AmItheAsshole/comments/1e66ohi/aita_for_not_answering_my_moms_calls/,2024-07-18,-0.0110232522711157,0,1814012082267812320
70,AITA for having a bad reaction to my anniversary gift? ,2024-07-18,https://www.reddit.com/r/AmItheAsshole/comments/1e6dmal/aita_for_having_a_bad_reaction_to_my_anniversary/,2024-07-18,1.0703057050704956,1,1814012083098284242
71,AITA for speaking my mother tongue around my girlfriend (who doesn't understand)?,2024-07-19,https://www.reddit.com/r/AmItheAsshole/comments/1e71ruu/aita_for_speaking_my_mother_tongue_around_my/,2024-07-19,1.0581213235855105,1,1814370743804932421
72,"AITA for wanting to ask stepson and gf to vacate our home that they were supposed to be purchasing since they haven't made a payment in 6 months when they have means, even if causes possibly being removed from grandkids lives? ",2024-07-20,https://www.reddit.com/r/AmItheAsshole/comments/1e7safu/aita_for_wanting_to_ask_stepson_and_gf_to_vacate/,2024-07-20,-0.0086658895015716,0,1814733718390505899
73,AITAH for asking players on a video game to stop discussing religion?,2024-07-22,https://www.reddit.com/r/AmItheAsshole/comments/1e9hrp2/aitah_for_asking_players_on_a_video_game_to_stop/,2024-07-22,1.0635603666305542,1,1815458270662062500
74,AITA if I kick my friend out of my wedding party with my wedding being only a couple months away? ,2024-07-24,https://www.reddit.com/r/AmItheAsshole/comments/1eb44ck/aita_if_i_kick_my_friend_out_of_my_wedding_party/,2024-07-24,1.0642985105514526,1,1816182211437081065
75,AITA for telling my parents i had hobbies?,2024-07-25,https://www.reddit.com/r/AmItheAsshole/comments/1ebuloa/aita_for_telling_my_parents_i_had_hobbies/,2024-07-25,-0.0147922737523913,0,1816542483318497695
76,AITA for Trying to Reconcile with My Ex Even Though She Has a New Boyfriend?,2024-07-27,https://www.reddit.com/r/AmItheAsshole/comments/1ed9h1f/aita_for_trying_to_reconcile_with_my_ex_even/,2024-07-27,1.0626946687698364,1,1817264916593565865
77,AITA for making a dummy account and trying to bait my (23 F) boyfriend (20 M) to see if he'll bite.,2024-07-27,https://www.reddit.com/r/AmItheAsshole/comments/1ed8ni2/aita_for_making_a_dummy_account_and_trying_to/,2024-07-27,1.066543459892273,1,1817264917776359521
78,AITA for using my girls Netflixaccount without telling her ?,2024-07-28,https://www.reddit.com/r/AmItheAsshole/comments/1ee2xce/aita_for_using_my_girls_netflixaccount_without/,2024-07-28,1.0665487051010132,1,1817627818345607620
79,AITAH for not sending my friend a packages abroad,2024-07-28,https://www.reddit.com/r/AmItheAsshole/comments/1ee5xak/aitah_for_not_sending_my_friend_a_packages_abroad/,2024-07-28,-0.0011265284847468,0,1817627819192799436
80,AITA for playing videogames in my room at night?,2024-07-29,https://www.reddit.com/r/AmItheAsshole/comments/1eewbbn/aita_for_playing_videogames_in_my_room_at_night/,2024-07-29,1.0638583898544312,1,1817991659269112192
81,AITA for having a favourite cat,2024-07-29,https://www.reddit.com/r/AmItheAsshole/comments/1ef2cy4/aita_for_having_a_favourite_cat/,2024-07-29,1.0687576532363892,1,1817991660191760525
82,AITA for calling on family for support,2024-07-30,https://www.reddit.com/r/AmItheAsshole/comments/1efomg7/aita_for_calling_on_family_for_support/,2024-07-30,-0.0095454407855868,0,1818353531554087399
83,AITA for screaming at my boyfriend in the car ( multiple times ) ,2024-07-30,https://www.reddit.com/r/AmItheAsshole/comments/1efwslq/aita_for_screaming_at_my_boyfriend_in_the_car/,2024-07-30,1.0661271810531616,1,1818353532757852190
84,WIBTA for blowing up at my wife spending our life savings?,2024-07-31,https://www.reddit.com/r/AmItheAsshole/comments/1egee7w/wibta_for_blowing_up_at_my_wife_spending_our_life/,2024-07-31,1.0619640350341797,1,1818712978763735197
85,AITA for telling my dad and stepmom they never should have put the inclusion of my siblings by my maternal family on me?,2024-07-31,https://www.reddit.com/r/AmItheAsshole/comments/1egl86y/aita_for_telling_my_dad_and_stepmom_they_never/,2024-07-31,-0.0049834875389933,0,1818712979917226082
86,AITA for refusing to drive my dad around,2024-08-01,https://www.reddit.com/r/AmItheAsshole/comments/1ehjdo8/aita_for_refusing_to_drive_my_dad_around/,2024-08-01,-0.0056782392784953,0,1819084485344088411
87,AITA for calling my sister stupid after seeing the place she chose to live?,2024-08-01,https://www.reddit.com/r/AmItheAsshole/comments/1ehl40f/aita_for_calling_my_sister_stupid_after_seeing/,2024-08-01,1.0624827146530151,1,1819084486170366356
88,AITA for deciding to not celebrate my birthday?,2024-08-02,https://www.reddit.com/r/AmItheAsshole/comments/1ei27s3/aita_for_deciding_to_not_celebrate_my_birthday/,2024-08-02,-0.0127401230856776,0,1819436640131039323
89,AITAH for asking my mom why her friend gave them expensive stuffs but only gave me a cheap scarf gotten from a local market ,2024-08-02,https://www.reddit.com/r/AmItheAsshole/comments/1ehwpsa/aitah_for_asking_my_mom_why_her_friend_gave_them/,2024-08-02,1.0698843002319336,1,1819436641313804738
90,WIBTA if I asked my flatmate to get permission to use my belongings?,2024-08-03,https://www.reddit.com/r/AmItheAsshole/comments/1eit213/wibta_if_i_asked_my_flatmate_to_get_permission_to/,2024-08-03,-0.0070245219394564,0,1819800326079213771
91,AITA for arguing with my dad because my family ate my food after my tooth extraction?,2024-08-03,https://www.reddit.com/r/AmItheAsshole/comments/1eit16j/aita_for_arguing_with_my_dad_because_my_family/,2024-08-03,-0.0058478387072682,0,1819800327182315672
92,AITA for not letting the mother of my bfs other child touch my baby,2024-08-04,https://www.reddit.com/r/AmItheAsshole/comments/1ejk5ly/aita_for_not_letting_the_mother_of_my_bfs_other/,2024-08-04,-0.0098229413852095,0,1820165135585161403
93,AITA for wanting a barking/growling dog out of my yard?,2024-08-04,https://www.reddit.com/r/AmItheAsshole/comments/1ejiwoe/aita_for_wanting_a_barkinggrowling_dog_out_of_my/,2024-08-04,-0.0108839403837919,0,1820165136424087809
94,AITA For laughing at the name my sister chose for her baby?,2024-08-05,https://www.reddit.com/r/AmItheAsshole/comments/1ekmxjk/aita_for_laughing_at_the_name_my_sister_chose_for/,2024-08-05,1.0682364702224731,1,1820524064227971203
95,AITA for refusing to cook for my dad and brother? ,2024-08-05,https://www.reddit.com/r/AmItheAsshole/comments/1ekq6gt/aita_for_refusing_to_cook_for_my_dad_and_brother/,2024-08-05,-0.0112752579152584,0,1820524065465258112
96,AITA for only giving my aunt one chance?,2024-08-06,https://www.reddit.com/r/AmItheAsshole/comments/1el838h/aita_for_only_giving_my_aunt_one_chance/,2024-08-06,-0.0049683162942528,0,1820883020510900722
97,WIBTA if I asked my best friends (who don’t get along) to be civil for my birthday?,2024-08-06,https://www.reddit.com/r/AmItheAsshole/comments/1el46x7/wibta_if_i_asked_my_best_friends_who_dont_get/,2024-08-06,1.0631357431411743,1,1820883021643370886
98,AITA for refusing to live with my sister again,2024-08-07,https://www.reddit.com/r/AmItheAsshole/comments/1em0o8i/aita_for_refusing_to_live_with_my_sister_again/,2024-08-07,-0.0101748602464795,0,1821246475634143366
99,AITA for pulling a little joke on my kids?,2024-08-07,https://www.reddit.com/r/AmItheAsshole/comments/1emgh5s/aita_for_pulling_a_little_joke_on_my_kids/,2024-08-07,1.06731379032135,1,1821246476368146489
100,AITA for not giving my sister anything to do during my wedding?,2024-08-08,https://www.reddit.com/r/AmItheAsshole/comments/1en2rsk/aita_for_not_giving_my_sister_anything_to_do/,2024-08-08,-0.0025815551634877,0,1821610018044858735
101,WIBTA if I refused to pay the utilities bill?,2024-08-08,https://www.reddit.com/r/AmItheAsshole/comments/1en7myf/wibta_if_i_refused_to_pay_the_utilities_bill/,2024-08-08,1.067543625831604,1,1821610019118612919
102,AITA my best friends boyfriend makes cancer jokes,2024-08-09,https://www.reddit.com/r/AmItheAsshole/comments/1envghv/aita_my_best_friends_boyfriend_makes_cancer_jokes/,2024-08-09,-0.0150812556967139,0,1821972113583948015
103,AITA for getting high before my best friends wedding ,2024-08-09,https://www.reddit.com/r/AmItheAsshole/comments/1eo1hee/aita_for_getting_high_before_my_best_friends/,2024-08-09,1.0665667057037354,1,1821972114917794133
104,AITA for standing up to my mom and setting the boundaries,2024-08-10,https://www.reddit.com/r/AmItheAsshole/comments/1eohwze/aita_for_standing_up_to_my_mom_and_setting_the/,2024-08-10,-0.006830190308392,0,1822334027027677454
105,AITA for not giving information about my son to my ex-mil,2024-08-10,https://www.reddit.com/r/AmItheAsshole/comments/1eohg7j/aita_for_not_giving_information_about_my_son_to/,2024-08-10,-0.0118595967069268,0,1822334028315517249
106,AITA for making my daughter apologize to her brother because she didn’t want to hear about his trip?,2024-08-11,https://www.reddit.com/r/AmItheAsshole/comments/1epduix/aita_for_making_my_daughter_apologize_to_her/,2024-08-11,1.0630708932876587,1,1822700500988334346
107,AITA: I didnt invite a kid to my sons birthday party,2024-08-11,https://www.reddit.com/r/AmItheAsshole/comments/1epleg8/aita_i_didnt_invite_a_kid_to_my_sons_birthday/,2024-08-11,1.063055396080017,1,1822700502179541139
108,AITA Not Giving OK for Sister to be Released from Jail?,2024-08-12,https://www.reddit.com/r/AmItheAsshole/comments/1eqax4l/aita_not_giving_ok_for_sister_to_be_released_from/,2024-08-12,-0.0039857933297753,0,1823056776704462955
109,AITA for leaving early for college,2024-08-12,https://www.reddit.com/r/AmItheAsshole/comments/1eqen1i/aita_for_leaving_early_for_college/,2024-08-12,-0.0100626619532704,0,1823056777878884557
110,AITA for telling my friend that I'm disappointed in her after she made a nasty comment about my crush?,2024-08-13,https://www.reddit.com/r/AmItheAsshole/comments/1er343e/aita_for_telling_my_friend_that_im_disappointed/,2024-08-13,-0.0038138122763484,0,1823419632688226759
111,WIBTA for distancing from my friend ?,2024-08-13,https://www.reddit.com/r/AmItheAsshole/comments/1eralh0/wibta_for_distancing_from_my_friend/,2024-08-13,-0.0055557945743203,0,1823419633522835484
112,AITA for leaving the dinner early?,2024-08-14,https://www.reddit.com/r/AmItheAsshole/comments/1erxdn4/aita_for_leaving_the_dinner_early/,2024-08-14,-0.011087168008089,0,1823782270815363476
113,AITA for telling my mom I don't want to hang out with her? ,2024-08-14,https://www.reddit.com/r/AmItheAsshole/comments/1eryyy2/aita_for_telling_my_mom_i_dont_want_to_hang_out/,2024-08-14,-0.0096640652045607,0,1823782271805219315
114,AITA? (I refuse to cook for my mom),2024-08-15,https://www.reddit.com/r/AmItheAsshole/comments/1esyucm/aita_i_refuse_to_cook_for_my_mom/,2024-08-15,-0.0113519122824072,0,1824140716672491670
115,AITA for complaining to my mom that she loves her other family more?,2024-08-15,https://www.reddit.com/r/AmItheAsshole/comments/1et005w/aita_for_complaining_to_my_mom_that_she_loves_her/,2024-08-15,1.0616436004638672,1,1824140717943316519
116,AITAH for potentially not going to see my grandma before she dies/not going to her funeral?,2024-08-16,https://www.reddit.com/r/AmItheAsshole/comments/1etimh6/aitah_for_potentially_not_going_to_see_my_grandma/,2024-08-16,1.062981367111206,1,1824504674688340001
117,AITA for making a joke about my friends dying grandma?,2024-08-16,https://www.reddit.com/r/AmItheAsshole/comments/1etamp0/aita_for_making_a_joke_about_my_friends_dying/,2024-08-16,1.0704156160354614,1,1824504675883729217
118,AITA for no longer sending my homeless brother money?,2024-08-17,https://www.reddit.com/r/AmItheAsshole/comments/1eu6ooc/aita_for_no_longer_sending_my_homeless_brother/,2024-08-17,-0.0086706886067986,0,1824867286022545484
119,AITA for refusing to let my mother borrow gum?,2024-08-17,https://www.reddit.com/r/AmItheAsshole/comments/1eu4iiq/aita_for_refusing_to_let_my_mother_borrow_gum/,2024-08-17,-0.0048826392740011,0,1824867286928523709
120,AITA for yelling at my ungrateful stepson?,2024-08-18,https://www.reddit.com/r/AmItheAsshole/comments/1ev47k1/aita_for_yelling_at_my_ungrateful_stepson/,2024-08-18,1.061482071876526,1,1825228377755693160
121,AITA for telling my mum I want to move out?,2024-08-18,https://www.reddit.com/r/AmItheAsshole/comments/1ev8gba/aita_for_telling_my_mum_i_want_to_move_out/,2024-08-18,-0.0010925468523055,0,1825228379110404298
122,AITA for demanding my friend delete a picture she took of me?,2024-08-19,https://www.reddit.com/r/AmItheAsshole/comments/1evu9od/aita_for_demanding_my_friend_delete_a_picture_she/,2024-08-19,-0.005019308067858219,0,1825590150447112580
123,AITA for making a suggestive joke during Jackbox?,2024-08-19,https://www.reddit.com/r/AmItheAsshole/comments/1ew598i/aita_for_making_a_suggestive_joke_during_jackbox/,2024-08-19,1.0605679750442505,1,1825590151260811576
